vehicleId	carrierId	vehicleTypeId	tourId	tourDuration[s]	tourDuration[h]	travelDistance[m]	travelDistance[km]	travelTime[s]	travelTime[h]	costPerSecond[EUR/s]	costPerMeter[EUR/m]	fixedCosts[EUR]	varCostsTime[EUR]	varCostsDist[EUR]	totalCosts[EUR]
freight_Carrier Fennpfuhl1_veh_TruckNordringDiesel_1	Carrier Fennpfuhl1	diesel_vehicle	1	26523.0	7.3675	76625.99330426088	76.62599330426087	11409.0	3.1691666666666665	0.0	0.00153218	841.89	0.0	117.40481442092242	959.2948144209224
freight_Carrier Fennpfuhl1_veh_TruckNordringDiesel_2	Carrier Fennpfuhl1	diesel_vehicle	2	24444.0	6.79	76713.814117198	76.713814117198	10635.0	2.9541666666666666	0.0	0.00153218	841.89	0.0	117.53937171408842	959.4293717140883
freight_Carrier Fennpfuhl1_veh_TruckNordringDiesel_3	Carrier Fennpfuhl1	diesel_vehicle	3	24760.0	6.877777777777778	74297.42644797084	74.29742644797084	10467.0	2.9075	0.0	0.00153218	841.89	0.0	113.83703085505195	955.7270308550519
freight_Carrier Fennpfuhl1_veh_TruckNordringDiesel_4	Carrier Fennpfuhl1	diesel_vehicle	4	10164.0	2.8233333333333333	40035.627331739706	40.035627331739704	5894.0	1.6372222222222221	0.0	0.00153218	841.89	0.0	61.34178748514494	903.2317874851449
freight_Carrier Fennpfuhl1_veh_TruckNordringDiesel_5	Carrier Fennpfuhl1	diesel_vehicle	5	13261.0	3.683611111111111	42339.34265354314	42.33934265354314	6274.0	1.7427777777777778	0.0	0.00153218	841.89	0.0	64.87149402690574	906.7614940269057
freight_Carrier Friedrichshain1_veh_TruckNordringDiesel_1	Carrier Friedrichshain1	diesel_vehicle	1	16839.0	4.6775	52995.851619728484	52.995851619728484	8395.0	2.3319444444444444	0.0	0.00153218	841.89	0.0	81.19918393471559	923.0891839347156
freight_Carrier Friedrichshain1_veh_TruckNordringDiesel_10	Carrier Friedrichshain1	diesel_vehicle	10	29686.0	8.24611111111111	91497.13633872093	91.49713633872092	15297.0	4.2491666666666665	0.0	0.00153218	841.89	0.0	140.1900823554614	982.0800823554614
freight_Carrier Friedrichshain1_veh_TruckNordringDiesel_11	Carrier Friedrichshain1	diesel_vehicle	11	29596.0	8.221111111111112	90821.52695833922	90.82152695833922	14867.0	4.129722222222222	0.0	0.00153218	841.89	0.0	139.15492717502818	981.0449271750282
freight_Carrier Friedrichshain1_veh_TruckNordringDiesel_12	Carrier Friedrichshain1	diesel_vehicle	12	29571.0	8.214166666666667	97535.64941798906	97.53564941798906	15873.0	4.409166666666667	0.0	0.00153218	841.89	0.0	149.44217132525446	991.3321713252544
freight_Carrier Friedrichshain1_veh_TruckNordringDiesel_13	Carrier Friedrichshain1	diesel_vehicle	13	18176.0	5.0488888888888885	60235.330782305275	60.235330782305276	9954.0	2.765	0.0	0.00153218	841.89	0.0	92.29136911803249	934.1813691180325
freight_Carrier Friedrichshain1_veh_TruckNordringDiesel_14	Carrier Friedrichshain1	diesel_vehicle	14	17269.0	4.796944444444445	56680.14035654392	56.680140356543916	9344.0	2.5955555555555554	0.0	0.00153218	841.89	0.0	86.84417745148946	928.7341774514895
freight_Carrier Friedrichshain1_veh_TruckNordringDiesel_15	Carrier Friedrichshain1	diesel_vehicle	15	29314.0	8.142777777777777	90951.03598665867	90.95103598665867	15005.0	4.168055555555555	0.0	0.00153218	841.89	0.0	139.35335831803866	981.2433583180386
freight_Carrier Friedrichshain1_veh_TruckNordringDiesel_16	Carrier Friedrichshain1	diesel_vehicle	16	29529.0	8.2025	95147.28544280991	95.1472854428099	15615.0	4.3375	0.0	0.00153218	841.89	0.0	145.7827678097645	987.6727678097645
freight_Carrier Friedrichshain1_veh_TruckNordringDiesel_17	Carrier Friedrichshain1	diesel_vehicle	17	28666.0	7.962777777777778	91521.26361074309	91.52126361074309	14830.0	4.1194444444444445	0.0	0.00153218	841.89	0.0	140.22704967910835	982.1170496791083
freight_Carrier Friedrichshain1_veh_TruckNordringDiesel_18	Carrier Friedrichshain1	diesel_vehicle	18	18138.0	5.038333333333333	60819.25753193277	60.81925753193277	10217.0	2.8380555555555556	0.0	0.00153218	841.89	0.0	93.18605000527675	935.0760500052768
freight_Carrier Friedrichshain1_veh_TruckNordringDiesel_19	Carrier Friedrichshain1	diesel_vehicle	19	17064.0	4.74	55927.633871585356	55.92763387158536	10389.0	2.8858333333333333	0.0	0.00153218	841.89	0.0	85.69120206536564	927.5812020653657
freight_Carrier Friedrichshain1_veh_TruckNordringDiesel_2	Carrier Friedrichshain1	diesel_vehicle	2	29582.0	8.217222222222222	91528.57841579108	91.52857841579109	14808.0	4.113333333333333	0.0	0.00153218	841.89	0.0	140.23825727710678	982.1282572771067
freight_Carrier Friedrichshain1_veh_TruckNordringDiesel_20	Carrier Friedrichshain1	diesel_vehicle	20	17886.0	4.968333333333334	59757.64012604901	59.75764012604901	9783.0	2.7175	0.0	0.00153218	841.89	0.0	91.55946104832977	933.4494610483298
freight_Carrier Friedrichshain1_veh_TruckNordringDiesel_21	Carrier Friedrichshain1	diesel_vehicle	21	17408.0	4.835555555555556	56230.67957193965	56.230679571939646	9437.0	2.6213888888888888	0.0	0.00153218	841.89	0.0	86.15552262653449	928.0455226265344
freight_Carrier Friedrichshain1_veh_TruckNordringDiesel_3	Carrier Friedrichshain1	diesel_vehicle	3	17190.0	4.775	55791.347217666116	55.791347217666114	9126.0	2.535	0.0	0.00153218	841.89	0.0	85.48238637996367	927.3723863799637
freight_Carrier Friedrichshain1_veh_TruckNordringDiesel_4	Carrier Friedrichshain1	diesel_vehicle	4	29554.0	8.209444444444445	93876.86762869846	93.87686762869845	15480.0	4.3	0.0	0.00153218	841.89	0.0	143.8362590433392	985.7262590433392
freight_Carrier Friedrichshain1_veh_TruckNordringDiesel_5	Carrier Friedrichshain1	diesel_vehicle	5	29542.0	8.206111111111111	90497.46336507464	90.49746336507464	14913.0	4.1425	0.0	0.00153218	841.89	0.0	138.65840341870006	980.5484034187
freight_Carrier Friedrichshain1_veh_TruckNordringDiesel_6	Carrier Friedrichshain1	diesel_vehicle	6	17207.0	4.779722222222222	56162.76155454448	56.16276155454448	9166.0	2.546111111111111	0.0	0.00153218	841.89	0.0	86.05145999864196	927.9414599986419
freight_Carrier Friedrichshain1_veh_TruckNordringDiesel_7	Carrier Friedrichshain1	diesel_vehicle	7	16925.0	4.701388888888889	56038.30707805568	56.03830707805568	9199.0	2.555277777777778	0.0	0.00153218	841.89	0.0	85.86077333885535	927.7507733388553
freight_Carrier Friedrichshain1_veh_TruckNordringDiesel_8	Carrier Friedrichshain1	diesel_vehicle	8	18026.0	5.0072222222222225	59280.84940986273	59.280849409862725	9715.0	2.698611111111111	0.0	0.00153218	841.89	0.0	90.82893184880346	932.7189318488034
freight_Carrier Friedrichshain1_veh_TruckNordringDiesel_9	Carrier Friedrichshain1	diesel_vehicle	9	16934.0	4.703888888888889	56635.525383753105	56.635525383753105	9218.0	2.5605555555555557	0.0	0.00153218	841.89	0.0	86.77581928247884	928.6658192824789
freight_Carrier Gesundbrunnen1_veh_TruckMalmoeerDiesel_1	Carrier Gesundbrunnen1	diesel_vehicle	1	21965.0	6.101388888888889	31583.45492736251	31.58345492736251	5771.0	1.6030555555555555	0.0	0.00153218	841.89	0.0	48.39153797060629	890.2815379706062
freight_Carrier Gesundbrunnen1_veh_TruckMalmoeerDiesel_2	Carrier Gesundbrunnen1	diesel_vehicle	2	27972.0	7.77	42992.17346214163	42.99217346214163	7991.0	2.2197222222222224	0.0	0.00153218	841.89	0.0	65.87174833522417	907.7617483352242
freight_Carrier Gesundbrunnen1_veh_TruckMalmoeerDiesel_3	Carrier Gesundbrunnen1	diesel_vehicle	3	19484.0	5.412222222222222	30431.218239715832	30.431218239715832	5352.0	1.4866666666666666	0.0	0.00153218	841.89	0.0	46.6261039625278	888.5161039625278
freight_Carrier Gesundbrunnen1_veh_TruckMalmoeerDiesel_4	Carrier Gesundbrunnen1	diesel_vehicle	4	24091.0	6.691944444444444	34769.95664288912	34.76995664288912	7408.0	2.057777777777778	0.0	0.00153218	841.89	0.0	53.27383216910185	895.1638321691019
freight_Carrier Gesundbrunnen1_veh_TruckMalmoeerDiesel_5	Carrier Gesundbrunnen1	diesel_vehicle	5	21768.0	6.046666666666667	34110.73577038759	34.11073577038759	6849.0	1.9025	0.0	0.00153218	841.89	0.0	52.263787132672455	894.1537871326724
freight_Carrier Gesundbrunnen1_veh_TruckMalmoeerDiesel_6	Carrier Gesundbrunnen1	diesel_vehicle	6	22722.0	6.3116666666666665	36183.43202948082	36.18343202948082	6783.0	1.8841666666666668	0.0	0.00153218	841.89	0.0	55.43953088692992	897.3295308869299
freight_Carrier Gesundbrunnen1_veh_TruckMalmoeerDiesel_7	Carrier Gesundbrunnen1	diesel_vehicle	7	21746.0	6.040555555555556	32882.58617076978	32.88258617076978	5871.0	1.6308333333333334	0.0	0.00153218	841.89	0.0	50.38204087913004	892.27204087913
freight_Carrier Gesundbrunnen1_veh_TruckMalmoeerDiesel_8	Carrier Gesundbrunnen1	diesel_vehicle	8	9789.0	2.7191666666666667	17212.640674953924	17.212640674953924	3037.0	0.8436111111111111	0.0	0.00153218	841.89	0.0	26.3728637893509	868.2628637893508
freight_Carrier Halensee1_veh_TruckForckenbeckDiesel_1	Carrier Halensee1	diesel_vehicle	1	22296.0	6.193333333333333	48432.215874597	48.432215874597	7929.0	2.2025	0.0	0.00153218	841.89	0.0	74.20687251874003	916.09687251874
freight_Carrier Halensee1_veh_TruckForckenbeckDiesel_2	Carrier Halensee1	diesel_vehicle	2	16065.0	4.4625	36077.04602424705	36.07704602424705	5654.0	1.5705555555555555	0.0	0.00153218	841.89	0.0	55.27652837743084	897.1665283774308
freight_Carrier Haselhorst1_veh_TruckForckenbeckDiesel_1	Carrier Haselhorst1	diesel_vehicle	1	16496.0	4.582222222222223	40392.712076388525	40.39271207638853	6805.0	1.8902777777777777	0.0	0.00153218	841.89	0.0	61.88890558920097	903.7789055892009
freight_Carrier Haselhorst1_veh_TruckForckenbeckDiesel_2	Carrier Haselhorst1	diesel_vehicle	2	29562.0	8.211666666666666	70772.18925324459	70.77218925324459	11848.0	3.2911111111111113	0.0	0.00153218	841.89	0.0	108.4357329300363	950.3257329300363
freight_Carrier Haselhorst1_veh_TruckForckenbeckDiesel_3	Carrier Haselhorst1	diesel_vehicle	3	6792.0	1.8866666666666667	27670.667976771263	27.670667976771263	3965.0	1.101388888888889	0.0	0.00153218	841.89	0.0	42.396444060649394	884.2864440606494
freight_Carrier Hellersdorf1_veh_TruckNordringDiesel_1	Carrier Hellersdorf1	diesel_vehicle	1	29512.0	8.197777777777778	98058.74565782993	98.05874565782993	15757.0	4.376944444444445	0.0	0.00153218	841.89	0.0	150.24364892201385	992.1336489220139
freight_Carrier Hellersdorf1_veh_TruckNordringDiesel_10	Carrier Hellersdorf1	diesel_vehicle	10	16808.0	4.668888888888889	52404.18692605626	52.40418692605626	8847.0	2.4575	0.0	0.00153218	841.89	0.0	80.29264712436488	922.1826471243648
freight_Carrier Hellersdorf1_veh_TruckNordringDiesel_11	Carrier Hellersdorf1	diesel_vehicle	11	29436.0	8.176666666666666	100350.60855539537	100.35060855539537	16898.0	4.693888888888889	0.0	0.00153218	841.89	0.0	153.75519541640568	995.6451954164056
freight_Carrier Hellersdorf1_veh_TruckNordringDiesel_12	Carrier Hellersdorf1	diesel_vehicle	12	15004.0	4.167777777777777	50738.91488024734	50.73891488024734	8266.0	2.296111111111111	0.0	0.00153218	841.89	0.0	77.74115060121737	919.6311506012173
freight_Carrier Hellersdorf1_veh_TruckNordringDiesel_13	Carrier Hellersdorf1	diesel_vehicle	13	16382.0	4.5505555555555555	50811.66809672501	50.81166809672501	8538.0	2.3716666666666666	0.0	0.00153218	841.89	0.0	77.85262162444012	919.7426216244401
freight_Carrier Hellersdorf1_veh_TruckNordringDiesel_14	Carrier Hellersdorf1	diesel_vehicle	14	14572.0	4.047777777777778	49018.945511780876	49.01894551178088	8269.0	2.2969444444444442	0.0	0.00153218	841.89	0.0	75.10584793424042	916.9958479342404
freight_Carrier Hellersdorf1_veh_TruckNordringDiesel_15	Carrier Hellersdorf1	diesel_vehicle	15	16252.0	4.514444444444444	49521.740876408796	49.5217408764088	8452.0	2.347777777777778	0.0	0.00153218	841.89	0.0	75.87622093601603	917.766220936016
freight_Carrier Hellersdorf1_veh_TruckNordringDiesel_2	Carrier Hellersdorf1	diesel_vehicle	2	15611.0	4.336388888888889	47105.41263416011	47.10541263416011	7736.0	2.148888888888889	0.0	0.00153218	841.89	0.0	72.17397112980743	914.0639711298074
freight_Carrier Hellersdorf1_veh_TruckNordringDiesel_3	Carrier Hellersdorf1	diesel_vehicle	3	29195.0	8.109722222222222	96189.21812644265	96.18921812644265	15424.0	4.2844444444444445	0.0	0.00153218	841.89	0.0	147.3791962289729	989.2691962289729
freight_Carrier Hellersdorf1_veh_TruckNordringDiesel_4	Carrier Hellersdorf1	diesel_vehicle	4	17201.0	4.7780555555555555	52708.33523392263	52.70833523392263	8948.0	2.4855555555555555	0.0	0.00153218	841.89	0.0	80.75865707871158	922.6486570787116
freight_Carrier Hellersdorf1_veh_TruckNordringDiesel_5	Carrier Hellersdorf1	diesel_vehicle	5	16800.0	4.666666666666667	52804.34247085271	52.80434247085271	8815.0	2.448611111111111	0.0	0.00153218	841.89	0.0	80.9057574469911	922.795757446991
freight_Carrier Hellersdorf1_veh_TruckNordringDiesel_6	Carrier Hellersdorf1	diesel_vehicle	6	27998.0	7.777222222222222	96314.76535479701	96.31476535479702	15556.0	4.321111111111111	0.0	0.00153218	841.89	0.0	147.57155718131287	989.4615571813129
freight_Carrier Hellersdorf1_veh_TruckNordringDiesel_7	Carrier Hellersdorf1	diesel_vehicle	7	16337.0	4.538055555555555	51736.75824768144	51.73675824768144	8537.0	2.3713888888888888	0.0	0.00153218	841.89	0.0	79.27002625193255	921.1600262519325
freight_Carrier Hellersdorf1_veh_TruckNordringDiesel_8	Carrier Hellersdorf1	diesel_vehicle	8	16848.0	4.68	52071.42959573274	52.07142959573274	8832.0	2.453333333333333	0.0	0.00153218	841.89	0.0	79.78280299798979	921.6728029979897
freight_Carrier Hellersdorf1_veh_TruckNordringDiesel_9	Carrier Hellersdorf1	diesel_vehicle	9	15958.0	4.432777777777778	51888.47906542016	51.88847906542016	8666.0	2.4072222222222224	0.0	0.00153218	841.89	0.0	79.50248985445545	921.3924898544554
freight_Carrier Karlshorst1_veh_TruckNordringDiesel_1	Carrier Karlshorst1	diesel_vehicle	1	18529.0	5.146944444444444	51666.6757755907	51.666675775590704	9673.0	2.6869444444444444	0.0	0.00153218	841.89	0.0	79.16264728984456	921.0526472898446
freight_Carrier Karlshorst1_veh_TruckNordringDiesel_2	Carrier Karlshorst1	diesel_vehicle	2	19004.0	5.278888888888889	56085.27050410797	56.08527050410797	10029.0	2.785833333333333	0.0	0.00153218	841.89	0.0	85.93272976098415	927.8227297609841
freight_Carrier Karlshorst1_veh_TruckNordringDiesel_3	Carrier Karlshorst1	diesel_vehicle	3	20442.0	5.678333333333334	57294.810623102196	57.294810623102194	11460.0	3.183333333333333	0.0	0.00153218	841.89	0.0	87.78596294050472	929.6759629405047
freight_Carrier Karlshorst1_veh_TruckNordringDiesel_4	Carrier Karlshorst1	diesel_vehicle	4	28471.0	7.908611111111111	83161.64933875659	83.16164933875659	15282.0	4.245	0.0	0.00153218	841.89	0.0	127.41861588385606	969.3086158838561
freight_Carrier Karlshorst1_veh_TruckNordringDiesel_5	Carrier Karlshorst1	diesel_vehicle	5	26481.0	7.355833333333333	79682.44063685318	79.68244063685317	14759.0	4.099722222222222	0.0	0.00153218	841.89	0.0	122.08784189497369	963.9778418949737
freight_Carrier Lichtenberg1_veh_TruckNordringDiesel_1	Carrier Lichtenberg1	diesel_vehicle	1	17898.0	4.971666666666667	62415.41997754734	62.41541997754734	9725.0	2.701388888888889	0.0	0.00153218	841.89	0.0	95.63165818119847	937.5216581811985
freight_Carrier Lichtenberg1_veh_TruckNordringDiesel_2	Carrier Lichtenberg1	diesel_vehicle	2	29410.0	8.169444444444444	100449.88755942635	100.44988755942636	16076.0	4.4655555555555555	0.0	0.00153218	841.89	0.0	153.90730872080186	995.7973087208019
freight_Carrier Lichtenberg1_veh_TruckNordringDiesel_3	Carrier Lichtenberg1	diesel_vehicle	3	18906.0	5.251666666666667	60585.2938726072	60.5852938726072	10358.0	2.877222222222222	0.0	0.00153218	841.89	0.0	92.8275755657313	934.7175755657313
freight_Carrier Lichtenberg1_veh_TruckNordringDiesel_4	Carrier Lichtenberg1	diesel_vehicle	4	29548.0	8.207777777777778	101509.0370728807	101.5090370728807	16402.0	4.556111111111111	0.0	0.00153218	841.89	0.0	155.53011642232636	997.4201164223264
freight_Carrier Lichtenberg1_veh_TruckNordringDiesel_5	Carrier Lichtenberg1	diesel_vehicle	5	17835.0	4.954166666666667	58725.66982178416	58.72566982178416	9844.0	2.7344444444444442	0.0	0.00153218	841.89	0.0	89.97829678754125	931.8682967875412
freight_Carrier Lichtenberg1_veh_TruckNordringDiesel_6	Carrier Lichtenberg1	diesel_vehicle	6	18276.0	5.076666666666667	60613.454140151734	60.61345414015173	10025.0	2.7847222222222223	0.0	0.00153218	841.89	0.0	92.87072216445767	934.7607221644577
freight_Carrier Lichtenberg1_veh_TruckNordringDiesel_7	Carrier Lichtenberg1	diesel_vehicle	7	16487.0	4.579722222222222	59636.71674725982	59.636716747259825	9421.0	2.6169444444444445	0.0	0.00153218	841.89	0.0	91.37418466581656	933.2641846658165
freight_Carrier Lichtenberg1_veh_TruckNordringDiesel_8	Carrier Lichtenberg1	diesel_vehicle	8	11473.0	3.1869444444444444	52643.84963303805	52.64384963303805	8326.0	2.312777777777778	0.0	0.00153218	841.89	0.0	80.65985353074824	922.5498535307482
freight_Carrier Maerkisches Viertel1_veh_TruckMalmoeerDiesel_1	Carrier Maerkisches Viertel1	diesel_vehicle	1	25538.0	7.0938888888888885	57249.101095020014	57.249101095020016	10346.0	2.8738888888888887	0.0	0.00153218	841.89	0.0	87.71592771576776	929.6059277157677
freight_Carrier Maerkisches Viertel1_veh_TruckMalmoeerDiesel_2	Carrier Maerkisches Viertel1	diesel_vehicle	2	24994.0	6.942777777777778	55526.95652322191	55.52695652322191	10100.0	2.8055555555555554	0.0	0.00153218	841.89	0.0	85.07729224575014	926.9672922457502
freight_Carrier Maerkisches Viertel1_veh_TruckMalmoeerDiesel_3	Carrier Maerkisches Viertel1	diesel_vehicle	3	23239.0	6.455277777777778	54246.77048523939	54.24677048523939	9833.0	2.731388888888889	0.0	0.00153218	841.89	0.0	83.11581680207408	925.005816802074
freight_Carrier Maerkisches Viertel1_veh_TruckMalmoeerDiesel_4	Carrier Maerkisches Viertel1	diesel_vehicle	4	10243.0	2.8452777777777776	31996.60196157952	31.99660196157952	5586.0	1.5516666666666667	0.0	0.00153218	841.89	0.0	49.024553593492904	890.9145535934929
freight_Carrier Moabit1_veh_TruckMalmoeerDiesel_1	Carrier Moabit1	diesel_vehicle	1	29564.0	8.212222222222222	61923.5198869138	61.923519886913795	10530.0	2.925	0.0	0.00153218	841.89	0.0	94.87797870033158	936.7679787003316
freight_Carrier Moabit1_veh_TruckMalmoeerDiesel_2	Carrier Moabit1	diesel_vehicle	2	29530.0	8.202777777777778	63085.47886107069	63.08547886107069	10848.0	3.013333333333333	0.0	0.00153218	841.89	0.0	96.65830900135529	938.5483090013553
freight_Carrier Moabit1_veh_TruckMalmoeerDiesel_3	Carrier Moabit1	diesel_vehicle	3	25707.0	7.140833333333333	47244.60587191052	47.24460587191052	8947.0	2.4852777777777777	0.0	0.00153218	841.89	0.0	72.38724022482386	914.2772402248238
freight_Carrier Moabit1_veh_TruckMalmoeerDiesel_4	Carrier Moabit1	diesel_vehicle	4	24387.0	6.774166666666667	43064.62233093755	43.064622330937546	8209.0	2.2802777777777776	0.0	0.00153218	841.89	0.0	65.98275304301589	907.8727530430159
freight_Carrier Moabit1_veh_TruckMalmoeerDiesel_5	Carrier Moabit1	diesel_vehicle	5	24573.0	6.825833333333334	47592.15894067178	47.59215894067178	7977.0	2.2158333333333333	0.0	0.00153218	841.89	0.0	72.9197540857185	914.8097540857185
freight_Carrier Moabit1_veh_TruckMalmoeerDiesel_6	Carrier Moabit1	diesel_vehicle	6	13254.0	3.6816666666666666	26517.68651605826	26.51768651605826	5012.0	1.3922222222222222	0.0	0.00153218	841.89	0.0	40.62986892617415	882.5198689261741
freight_Carrier Moabit1_veh_TruckMalmoeerDiesel_7	Carrier Moabit1	diesel_vehicle	7	25103.0	6.973055555555556	49362.243313578365	49.36224331357837	8945.0	2.484722222222222	0.0	0.00153218	841.89	0.0	75.6318419601985	917.5218419601985
freight_Carrier Moabit1_veh_TruckMalmoeerDiesel_8	Carrier Moabit1	diesel_vehicle	8	26287.0	7.301944444444445	54610.038149209984	54.610038149209984	10172.0	2.8255555555555554	0.0	0.00153218	841.89	0.0	83.67240825145655	925.5624082514565
freight_Carrier Moabit1_veh_TruckMalmoeerDiesel_9	Carrier Moabit1	diesel_vehicle	9	13199.0	3.6663888888888887	28304.435454762985	28.304435454762984	4982.0	1.383888888888889	0.0	0.00153218	841.89	0.0	43.36748991507875	885.2574899150787
freight_Carrier Neu-Hohenschoenhausen1_veh_TruckNordringDiesel_1	Carrier Neu-Hohenschoenhausen1	diesel_vehicle	1	24416.0	6.782222222222222	67666.126266192	67.66612626619201	10831.0	3.008611111111111	0.0	0.00153218	841.89	0.0	103.67668534253406	945.566685342534
freight_Carrier Neu-Hohenschoenhausen1_veh_TruckNordringDiesel_2	Carrier Neu-Hohenschoenhausen1	diesel_vehicle	2	26439.0	7.344166666666666	66223.82700966795	66.22382700966794	11117.0	3.0880555555555556	0.0	0.00153218	841.89	0.0	101.46682326767304	943.356823267673
freight_Carrier Neu-Hohenschoenhausen1_veh_TruckNordringDiesel_3	Carrier Neu-Hohenschoenhausen1	diesel_vehicle	3	13901.0	3.861388888888889	37606.83210792497	37.60683210792497	6275.0	1.7430555555555556	0.0	0.00153218	841.89	0.0	57.62043601912048	899.5104360191204
freight_Carrier Neu-Hohenschoenhausen1_veh_TruckNordringDiesel_4	Carrier Neu-Hohenschoenhausen1	diesel_vehicle	4	14099.0	3.9163888888888887	38255.39096021599	38.25539096021599	6595.0	1.8319444444444444	0.0	0.00153218	841.89	0.0	58.61414492142374	900.5041449214237
freight_Carrier Neu-Hohenschoenhausen1_veh_TruckNordringDiesel_5	Carrier Neu-Hohenschoenhausen1	diesel_vehicle	5	13769.0	3.8247222222222224	38949.76967853333	38.94976967853333	6176.0	1.7155555555555555	0.0	0.00153218	841.89	0.0	59.6780581060552	901.5680581060552
freight_Carrier Neu-Hohenschoenhausen1_veh_TruckNordringDiesel_6	Carrier Neu-Hohenschoenhausen1	diesel_vehicle	6	25910.0	7.197222222222222	65252.74402695193	65.25274402695193	10792.0	2.997777777777778	0.0	0.00153218	841.89	0.0	99.9789493432152	941.8689493432151
freight_Carrier Neu-Hohenschoenhausen1_veh_TruckNordringDiesel_7	Carrier Neu-Hohenschoenhausen1	diesel_vehicle	7	26855.0	7.459722222222222	69551.24534712496	69.55124534712496	11605.0	3.223611111111111	0.0	0.00153218	841.89	0.0	106.56502709595792	948.4550270959579
freight_Carrier Neu-Hohenschoenhausen1_veh_TruckNordringDiesel_8	Carrier Neu-Hohenschoenhausen1	diesel_vehicle	8	14039.0	3.899722222222222	37867.02864665281	37.86702864665281	6445.0	1.7902777777777779	0.0	0.00153218	841.89	0.0	58.019103951828505	899.9091039518285
freight_Carrier Neukoelln1_veh_TruckGradestrasseDiesel_1	Carrier Neukoelln1	diesel_vehicle	1	13961.0	3.8780555555555556	40766.48104388415	40.766481043884156	5886.0	1.635	0.0	0.00153218	841.89	0.0	62.461586925818416	904.3515869258184
freight_Carrier Neukoelln1_veh_TruckGradestrasseDiesel_10	Carrier Neukoelln1	diesel_vehicle	10	13531.0	3.758611111111111	43665.034938500154	43.665034938500156	5867.0	1.6297222222222223	0.0	0.00153218	841.89	0.0	66.90269323207116	908.7926932320711
freight_Carrier Neukoelln1_veh_TruckGradestrasseDiesel_11	Carrier Neukoelln1	diesel_vehicle	11	28692.0	7.97	79975.18254101937	79.97518254101936	12511.0	3.475277777777778	0.0	0.00153218	841.89	0.0	122.53637518569906	964.426375185699
freight_Carrier Neukoelln1_veh_TruckGradestrasseDiesel_12	Carrier Neukoelln1	diesel_vehicle	12	14427.0	4.0075	46124.63395184803	46.12463395184803	6777.0	1.8825	0.0	0.00153218	841.89	0.0	70.67124164834252	912.5612416483425
freight_Carrier Neukoelln1_veh_TruckGradestrasseDiesel_13	Carrier Neukoelln1	diesel_vehicle	13	27849.0	7.735833333333333	81420.39195667629	81.4203919566763	12462.0	3.4616666666666664	0.0	0.00153218	841.89	0.0	124.75069614818028	966.6406961481803
freight_Carrier Neukoelln1_veh_TruckGradestrasseDiesel_14	Carrier Neukoelln1	diesel_vehicle	14	14297.0	3.971388888888889	45740.30526485956	45.740305264859565	6408.0	1.78	0.0	0.00153218	841.89	0.0	70.08238092071252	911.9723809207126
freight_Carrier Neukoelln1_veh_TruckGradestrasseDiesel_15	Carrier Neukoelln1	diesel_vehicle	15	28213.0	7.836944444444445	80901.02523118601	80.90102523118601	12627.0	3.5075	0.0	0.00153218	841.89	0.0	123.95493283871858	965.8449328387186
freight_Carrier Neukoelln1_veh_TruckGradestrasseDiesel_16	Carrier Neukoelln1	diesel_vehicle	16	14178.0	3.9383333333333335	42264.810153943625	42.26481015394363	6358.0	1.7661111111111112	0.0	0.00153218	841.89	0.0	64.75729682166934	906.6472968216693
freight_Carrier Neukoelln1_veh_TruckGradestrasseDiesel_17	Carrier Neukoelln1	diesel_vehicle	17	14703.0	4.0841666666666665	47003.393571935114	47.00339357193511	6778.0	1.8827777777777779	0.0	0.00153218	841.89	0.0	72.01765956304754	913.9076595630476
freight_Carrier Neukoelln1_veh_TruckGradestrasseDiesel_18	Carrier Neukoelln1	diesel_vehicle	18	27769.0	7.713611111111111	81244.28988173988	81.24428988173989	12106.0	3.3627777777777776	0.0	0.00153218	841.89	0.0	124.4808760710042	966.3708760710042
freight_Carrier Neukoelln1_veh_TruckGradestrasseDiesel_19	Carrier Neukoelln1	diesel_vehicle	19	13593.0	3.7758333333333334	43299.27696021225	43.29927696021225	6125.0	1.7013888888888888	0.0	0.00153218	841.89	0.0	66.342286172898	908.232286172898
freight_Carrier Neukoelln1_veh_TruckGradestrasseDiesel_2	Carrier Neukoelln1	diesel_vehicle	2	27838.0	7.732777777777778	79491.74796519396	79.49174796519397	12013.0	3.3369444444444443	0.0	0.00153218	841.89	0.0	121.79566639731088	963.6856663973109
freight_Carrier Neukoelln1_veh_TruckGradestrasseDiesel_20	Carrier Neukoelln1	diesel_vehicle	20	14473.0	4.020277777777777	43725.602241424946	43.725602241424944	6459.0	1.7941666666666667	0.0	0.00153218	841.89	0.0	66.99549324226648	908.8854932422664
freight_Carrier Neukoelln1_veh_TruckGradestrasseDiesel_21	Carrier Neukoelln1	diesel_vehicle	21	15071.0	4.186388888888889	47035.83205380798	47.03583205380798	7242.0	2.0116666666666667	0.0	0.00153218	841.89	0.0	72.0673611562035	913.9573611562034
freight_Carrier Neukoelln1_veh_TruckGradestrasseDiesel_22	Carrier Neukoelln1	diesel_vehicle	22	28678.0	7.966111111111111	84740.7147344687	84.7407147344687	12965.0	3.6013888888888888	0.0	0.00153218	841.89	0.0	129.83802830185823	971.7280283018582
freight_Carrier Neukoelln1_veh_TruckGradestrasseDiesel_23	Carrier Neukoelln1	diesel_vehicle	23	14636.0	4.065555555555555	45909.239134275456	45.90923913427546	6637.0	1.843611111111111	0.0	0.00153218	841.89	0.0	70.34121801675417	912.2312180167542
freight_Carrier Neukoelln1_veh_TruckGradestrasseDiesel_24	Carrier Neukoelln1	diesel_vehicle	24	13358.0	3.7105555555555556	41685.05981263107	41.685059812631074	5820.0	1.6166666666666667	0.0	0.00153218	841.89	0.0	63.869014943717076	905.759014943717
freight_Carrier Neukoelln1_veh_TruckGradestrasseDiesel_25	Carrier Neukoelln1	diesel_vehicle	25	14156.0	3.9322222222222223	43512.398285457064	43.51239828545707	6397.0	1.7769444444444444	0.0	0.00153218	841.89	0.0	66.6688264050116	908.5588264050116
freight_Carrier Neukoelln1_veh_TruckGradestrasseDiesel_3	Carrier Neukoelln1	diesel_vehicle	3	15122.0	4.200555555555556	45548.57651237023	45.54857651237023	7135.0	1.9819444444444445	0.0	0.00153218	841.89	0.0	69.78861796072341	911.6786179607234
freight_Carrier Neukoelln1_veh_TruckGradestrasseDiesel_4	Carrier Neukoelln1	diesel_vehicle	4	27622.0	7.672777777777778	76961.50308417308	76.96150308417307	11775.0	3.2708333333333335	0.0	0.00153218	841.89	0.0	117.9188757955083	959.8088757955082
freight_Carrier Neukoelln1_veh_TruckGradestrasseDiesel_5	Carrier Neukoelln1	diesel_vehicle	5	13488.0	3.7466666666666666	42186.811827595244	42.18681182759524	5696.0	1.5822222222222222	0.0	0.00153218	841.89	0.0	64.63778934600488	906.5277893460049
freight_Carrier Neukoelln1_veh_TruckGradestrasseDiesel_6	Carrier Neukoelln1	diesel_vehicle	6	13842.0	3.845	42008.81887178238	42.00881887178238	5838.0	1.6216666666666666	0.0	0.00153218	841.89	0.0	64.36507209896753	906.2550720989675
freight_Carrier Neukoelln1_veh_TruckGradestrasseDiesel_7	Carrier Neukoelln1	diesel_vehicle	7	28710.0	7.975	80955.22108104525	80.95522108104525	12850.0	3.5694444444444446	0.0	0.00153218	841.89	0.0	124.03797063595592	965.927970635956
freight_Carrier Neukoelln1_veh_TruckGradestrasseDiesel_8	Carrier Neukoelln1	diesel_vehicle	8	28650.0	7.958333333333333	83469.05149405557	83.46905149405558	13093.0	3.6369444444444445	0.0	0.00153218	841.89	0.0	127.88961131816207	969.7796113181621
freight_Carrier Neukoelln1_veh_TruckGradestrasseDiesel_9	Carrier Neukoelln1	diesel_vehicle	9	28530.0	7.925	82375.97132289075	82.37597132289075	12801.0	3.555833333333333	0.0	0.00153218	841.89	0.0	126.21481574150674	968.1048157415067
freight_Carrier Pankow1_veh_TruckMalmoeerDiesel_1	Carrier Pankow1	diesel_vehicle	1	25170.0	6.991666666666666	51065.24430447659	51.06524430447659	8596.0	2.387777777777778	0.0	0.00153218	841.89	0.0	78.24114601843294	920.1311460184329
freight_Carrier Pankow1_veh_TruckMalmoeerDiesel_2	Carrier Pankow1	diesel_vehicle	2	13673.0	3.7980555555555555	30467.269271380963	30.467269271380964	5401.0	1.5002777777777778	0.0	0.00153218	841.89	0.0	46.68134063222448	888.5713406322245
freight_Carrier Pankow1_veh_TruckMalmoeerDiesel_3	Carrier Pankow1	diesel_vehicle	3	13724.0	3.812222222222222	30592.950450749177	30.592950450749175	5501.0	1.5280555555555555	0.0	0.00153218	841.89	0.0	46.87390682162887	888.7639068216289
freight_Carrier Pankow1_veh_TruckMalmoeerDiesel_4	Carrier Pankow1	diesel_vehicle	4	26342.0	7.317222222222222	55696.63067941685	55.69663067941685	9913.0	2.7536111111111112	0.0	0.00153218	841.89	0.0	85.3372635943889	927.2272635943889
freight_Carrier Pankow1_veh_TruckMalmoeerDiesel_5	Carrier Pankow1	diesel_vehicle	5	23253.0	6.4591666666666665	51691.33649299669	51.69133649299669	8263.0	2.2952777777777778	0.0	0.00153218	841.89	0.0	79.20043194783968	921.0904319478396
freight_Carrier Pankow1_veh_TruckMalmoeerDiesel_6	Carrier Pankow1	diesel_vehicle	6	14082.0	3.9116666666666666	31266.2574799558	31.266257479955797	5858.0	1.6272222222222221	0.0	0.00153218	841.89	0.0	47.905534385638674	889.7955343856387
freight_Carrier Pankow1_veh_TruckMalmoeerDiesel_7	Carrier Pankow1	diesel_vehicle	7	13580.0	3.772222222222222	32223.182598985415	32.22318259898542	5321.0	1.4780555555555555	0.0	0.00153218	841.89	0.0	49.37171591451347	891.2617159145135
freight_Carrier Pankow1_veh_TruckMalmoeerDiesel_8	Carrier Pankow1	diesel_vehicle	8	22983.0	6.384166666666666	51659.803346499684	51.659803346499686	9255.0	2.5708333333333333	0.0	0.00153218	841.89	0.0	79.15211749143988	921.0421174914399
freight_Carrier Pankow1_veh_TruckMalmoeerDiesel_9	Carrier Pankow1	diesel_vehicle	9	23259.0	6.460833333333333	55970.722121592255	55.97072212159225	9059.0	2.516388888888889	0.0	0.00153218	841.89	0.0	85.75722102026121	927.6472210202612
freight_Carrier Schmargendorf1_veh_TruckForckenbeckDiesel_1	Carrier Schmargendorf1	diesel_vehicle	1	29169.0	8.1025	61559.213491466326	61.55921349146632	11397.0	3.1658333333333335	0.0	0.00153218	841.89	0.0	94.31979572735487	936.2097957273548
freight_Carrier Schmargendorf1_veh_TruckForckenbeckDiesel_2	Carrier Schmargendorf1	diesel_vehicle	2	29680.0	8.244444444444444	62299.9836154001	62.2999836154001	10860.0	3.0166666666666666	0.0	0.00153218	841.89	0.0	95.45478889584372	937.3447888958437
freight_Carrier Schmargendorf1_veh_TruckForckenbeckDiesel_3	Carrier Schmargendorf1	diesel_vehicle	3	9589.0	2.663611111111111	27385.991638900807	27.38599163890081	4491.0	1.2475	0.0	0.00153218	841.89	0.0	41.96026866929104	883.850268669291
freight_Carrier Schoeneberg1_veh_TruckGradestrasseDiesel_1	Carrier Schoeneberg1	diesel_vehicle	1	26864.0	7.4622222222222225	67914.10194924189	67.91410194924188	9660.0	2.683333333333333	0.0	0.00153218	841.89	0.0	104.05662872458943	945.9466287245895
freight_Carrier Schoeneberg1_veh_TruckGradestrasseDiesel_10	Carrier Schoeneberg1	diesel_vehicle	10	14257.0	3.960277777777778	43614.310872788075	43.614310872788074	5960.0	1.6555555555555554	0.0	0.00153218	841.89	0.0	66.82497483306844	908.7149748330685
freight_Carrier Schoeneberg1_veh_TruckGradestrasseDiesel_11	Carrier Schoeneberg1	diesel_vehicle	11	26231.0	7.286388888888889	68653.38205103346	68.65338205103346	10301.0	2.861388888888889	0.0	0.00153218	841.89	0.0	105.18933891095244	947.0793389109524
freight_Carrier Schoeneberg1_veh_TruckGradestrasseDiesel_12	Carrier Schoeneberg1	diesel_vehicle	12	28166.0	7.823888888888889	74922.44717089887	74.92244717089888	11496.0	3.1933333333333334	0.0	0.00153218	841.89	0.0	114.79467510630784	956.6846751063079
freight_Carrier Schoeneberg1_veh_TruckGradestrasseDiesel_13	Carrier Schoeneberg1	diesel_vehicle	13	13673.0	3.7980555555555555	42004.30506509156	42.004305065091565	5446.0	1.5127777777777778	0.0	0.00153218	841.89	0.0	64.35815613463198	906.2481561346319
freight_Carrier Schoeneberg1_veh_TruckGradestrasseDiesel_14	Carrier Schoeneberg1	diesel_vehicle	14	26928.0	7.48	70048.2797902402	70.0482797902402	10293.0	2.859166666666667	0.0	0.00153218	841.89	0.0	107.32657332901022	949.2165733290102
freight_Carrier Schoeneberg1_veh_TruckGradestrasseDiesel_15	Carrier Schoeneberg1	diesel_vehicle	15	13707.0	3.8075	43749.74136988681	43.74974136988681	5682.0	1.5783333333333334	0.0	0.00153218	841.89	0.0	67.03247873211318	908.9224787321132
freight_Carrier Schoeneberg1_veh_TruckGradestrasseDiesel_16	Carrier Schoeneberg1	diesel_vehicle	16	14408.0	4.002222222222223	44623.184382634	44.623184382633994	6301.0	1.7502777777777778	0.0	0.00153218	841.89	0.0	68.37075064738416	910.2607506473842
freight_Carrier Schoeneberg1_veh_TruckGradestrasseDiesel_17	Carrier Schoeneberg1	diesel_vehicle	17	27992.0	7.775555555555556	74367.00114600714	74.36700114600714	11648.0	3.2355555555555555	0.0	0.00153218	841.89	0.0	113.94363181588922	955.8336318158892
freight_Carrier Schoeneberg1_veh_TruckGradestrasseDiesel_2	Carrier Schoeneberg1	diesel_vehicle	2	14249.0	3.9580555555555557	43083.421902213675	43.08342190221367	5779.0	1.6052777777777778	0.0	0.00153218	841.89	0.0	66.01155737013374	907.9015573701338
freight_Carrier Schoeneberg1_veh_TruckGradestrasseDiesel_3	Carrier Schoeneberg1	diesel_vehicle	3	27291.0	7.5808333333333335	72006.54980263114	72.00654980263114	10262.0	2.8505555555555557	0.0	0.00153218	841.89	0.0	110.32699547659537	952.2169954765953
freight_Carrier Schoeneberg1_veh_TruckGradestrasseDiesel_4	Carrier Schoeneberg1	diesel_vehicle	4	13979.0	3.8830555555555555	43079.803885176276	43.079803885176275	5800.0	1.6111111111111112	0.0	0.00153218	841.89	0.0	66.00601391678939	907.8960139167893
freight_Carrier Schoeneberg1_veh_TruckGradestrasseDiesel_5	Carrier Schoeneberg1	diesel_vehicle	5	26399.0	7.333055555555555	70967.63522973881	70.9676352297388	10040.0	2.7888888888888888	0.0	0.00153218	841.89	0.0	108.7351913463012	950.6251913463012
freight_Carrier Schoeneberg1_veh_TruckGradestrasseDiesel_6	Carrier Schoeneberg1	diesel_vehicle	6	25539.0	7.094166666666666	68991.80829163185	68.99180829163186	10355.0	2.876388888888889	0.0	0.00153218	841.89	0.0	105.7078688282725	947.5978688282725
freight_Carrier Schoeneberg1_veh_TruckGradestrasseDiesel_7	Carrier Schoeneberg1	diesel_vehicle	7	26349.0	7.319166666666667	77472.23899519452	77.47223899519452	10651.0	2.9586111111111113	0.0	0.00153218	841.89	0.0	118.70141514365714	960.5914151436572
freight_Carrier Schoeneberg1_veh_TruckGradestrasseDiesel_8	Carrier Schoeneberg1	diesel_vehicle	8	13879.0	3.855277777777778	46212.462021545536	46.212462021545534	5863.0	1.628611111111111	0.0	0.00153218	841.89	0.0	70.80581006017164	912.6958100601717
freight_Carrier Schoeneberg1_veh_TruckGradestrasseDiesel_9	Carrier Schoeneberg1	diesel_vehicle	9	14303.0	3.9730555555555553	43170.70600219623	43.17070600219623	6031.0	1.6752777777777779	0.0	0.00153218	841.89	0.0	66.14529232244502	908.035292322445
freight_Carrier Staaken1_veh_TruckForckenbeckDiesel_1	Carrier Staaken1	diesel_vehicle	1	28693.0	7.970277777777778	67435.79804774423	67.43579804774423	12325.0	3.423611111111111	0.0	0.00153218	841.89	0.0	103.32378105279275	945.2137810527927
freight_Carrier Staaken1_veh_TruckForckenbeckDiesel_2	Carrier Staaken1	diesel_vehicle	2	28571.0	7.936388888888889	66989.97626841797	66.98997626841798	13069.0	3.6302777777777777	0.0	0.00153218	841.89	0.0	102.64070183894465	944.5307018389447
freight_Carrier Staaken1_veh_TruckForckenbeckDiesel_3	Carrier Staaken1	diesel_vehicle	3	29437.0	8.176944444444445	71191.61864712085	71.19161864712085	13272.0	3.6866666666666665	0.0	0.00153218	841.89	0.0	109.07837425874563	950.9683742587456
freight_Carrier Staaken1_veh_TruckForckenbeckDiesel_4	Carrier Staaken1	diesel_vehicle	4	16833.0	4.675833333333333	52196.34724746692	52.19634724746692	9039.0	2.5108333333333333	0.0	0.00153218	841.89	0.0	79.97419932562386	921.8641993256239
freight_Carrier Staaken1_veh_TruckForckenbeckDiesel_5	Carrier Staaken1	diesel_vehicle	5	26609.0	7.391388888888889	66088.69807698402	66.08869807698402	12542.0	3.483888888888889	0.0	0.00153218	841.89	0.0	101.25978141959337	943.1497814195934
freight_Carrier Staaken1_veh_TruckForckenbeckDiesel_6	Carrier Staaken1	diesel_vehicle	6	16865.0	4.684722222222222	45842.99123898423	45.842991238984226	8772.0	2.4366666666666665	0.0	0.00153218	841.89	0.0	70.23971431654685	912.1297143165468
freight_Carrier Staaken1_veh_TruckForckenbeckDiesel_7	Carrier Staaken1	diesel_vehicle	7	11643.0	3.234166666666667	38059.76519666408	38.059765196664074	6458.0	1.7938888888888889	0.0	0.00153218	841.89	0.0	58.31441103902476	900.2044110390248
freight_Carrier Steglitz1_veh_TruckForckenbeckDiesel_1	Carrier Steglitz1	diesel_vehicle	1	13030.0	3.6194444444444445	27679.689459243808	27.679689459243807	4031.0	1.1197222222222223	0.0	0.00153218	841.89	0.0	42.410266595664176	884.3002665956642
freight_Carrier Steglitz1_veh_TruckForckenbeckDiesel_10	Carrier Steglitz1	diesel_vehicle	10	19453.0	5.403611111111111	45204.45519230576	45.20445519230576	7406.0	2.0572222222222223	0.0	0.00153218	841.89	0.0	69.26136215654704	911.1513621565471
freight_Carrier Steglitz1_veh_TruckForckenbeckDiesel_11	Carrier Steglitz1	diesel_vehicle	11	13368.0	3.7133333333333334	30419.940989375318	30.41994098937532	4893.0	1.3591666666666666	0.0	0.00153218	841.89	0.0	46.608825185101075	888.498825185101
freight_Carrier Steglitz1_veh_TruckForckenbeckDiesel_2	Carrier Steglitz1	diesel_vehicle	2	12497.0	3.471388888888889	26239.67926944451	26.239679269444512	3980.0	1.1055555555555556	0.0	0.00153218	841.89	0.0	40.203911783057485	882.0939117830575
freight_Carrier Steglitz1_veh_TruckForckenbeckDiesel_3	Carrier Steglitz1	diesel_vehicle	3	25583.0	7.106388888888889	52021.23795412338	52.02123795412338	8147.0	2.2630555555555554	0.0	0.00153218	841.89	0.0	79.70590036854877	921.5959003685488
freight_Carrier Steglitz1_veh_TruckForckenbeckDiesel_4	Carrier Steglitz1	diesel_vehicle	4	29520.0	8.2	71107.49700296322	71.10749700296323	10876.0	3.0211111111111113	0.0	0.00153218	841.89	0.0	108.9494847580002	950.8394847580001
freight_Carrier Steglitz1_veh_TruckForckenbeckDiesel_5	Carrier Steglitz1	diesel_vehicle	5	27839.0	7.733055555555556	65638.03426486191	65.63803426486191	10401.0	2.8891666666666667	0.0	0.00153218	841.89	0.0	100.56928333993612	942.4592833399361
freight_Carrier Steglitz1_veh_TruckForckenbeckDiesel_6	Carrier Steglitz1	diesel_vehicle	6	24311.0	6.753055555555555	51088.00260868171	51.088002608681705	8006.0	2.223888888888889	0.0	0.00153218	841.89	0.0	78.27601583696993	920.1660158369699
freight_Carrier Steglitz1_veh_TruckForckenbeckDiesel_7	Carrier Steglitz1	diesel_vehicle	7	12468.0	3.4633333333333334	28424.77566147405	28.42477566147405	4238.0	1.1772222222222222	0.0	0.00153218	841.89	0.0	43.55187277299731	885.4418727729973
freight_Carrier Steglitz1_veh_TruckForckenbeckDiesel_8	Carrier Steglitz1	diesel_vehicle	8	12553.0	3.4869444444444446	29869.53465420917	29.86953465420917	4285.0	1.1902777777777778	0.0	0.00153218	841.89	0.0	45.7655036064862	887.6555036064861
freight_Carrier Steglitz1_veh_TruckForckenbeckDiesel_9	Carrier Steglitz1	diesel_vehicle	9	12824.0	3.562222222222222	29143.66970111293	29.14366970111293	4467.0	1.2408333333333332	0.0	0.00153218	841.89	0.0	44.65334784265121	886.5433478426512
freight_Carrier Wedding1_veh_TruckMalmoeerDiesel_1	Carrier Wedding1	diesel_vehicle	1	15300.0	4.25	40094.24773614143	40.094247736141426	6934.0	1.926111111111111	0.0	0.00153218	841.89	0.0	61.43160449636117	903.3216044963611
freight_Carrier Wedding1_veh_TruckMalmoeerDiesel_10	Carrier Wedding1	diesel_vehicle	10	25833.0	7.175833333333333	63247.819198902565	63.24781919890257	9754.0	2.7094444444444443	0.0	0.00153218	841.89	0.0	96.90704362017453	938.7970436201745
freight_Carrier Wedding1_veh_TruckMalmoeerDiesel_11	Carrier Wedding1	diesel_vehicle	11	26182.0	7.272777777777778	64722.667752226786	64.72266775222678	9942.0	2.7616666666666667	0.0	0.00153218	841.89	0.0	99.16677707660683	941.0567770766069
freight_Carrier Wedding1_veh_TruckMalmoeerDiesel_12	Carrier Wedding1	diesel_vehicle	12	15209.0	4.224722222222222	38837.914436551946	38.83791443655195	6759.0	1.8775	0.0	0.00153218	841.89	0.0	59.50667574139616	901.3966757413962
freight_Carrier Wedding1_veh_TruckMalmoeerDiesel_2	Carrier Wedding1	diesel_vehicle	2	13314.0	3.6983333333333333	32754.753192935215	32.75475319293521	5124.0	1.4233333333333333	0.0	0.00153218	841.89	0.0	50.186177747151476	892.0761777471514
freight_Carrier Wedding1_veh_TruckMalmoeerDiesel_3	Carrier Wedding1	diesel_vehicle	3	25177.0	6.993611111111111	59746.32278680526	59.746322786805266	9123.0	2.5341666666666667	0.0	0.00153218	841.89	0.0	91.54212084748728	933.4321208474872
freight_Carrier Wedding1_veh_TruckMalmoeerDiesel_4	Carrier Wedding1	diesel_vehicle	4	25582.0	7.106111111111111	58832.45720342088	58.83245720342088	8607.0	2.390833333333333	0.0	0.00153218	841.89	0.0	90.1419142779374	932.0319142779374
freight_Carrier Wedding1_veh_TruckMalmoeerDiesel_5	Carrier Wedding1	diesel_vehicle	5	15081.0	4.189166666666667	38107.44777450539	38.10744777450539	6435.0	1.7875	0.0	0.00153218	841.89	0.0	58.387469331141666	900.2774693311417
freight_Carrier Wedding1_veh_TruckMalmoeerDiesel_6	Carrier Wedding1	diesel_vehicle	6	25640.0	7.122222222222222	63935.260709432114	63.935260709432114	9922.0	2.756111111111111	0.0	0.00153218	841.89	0.0	97.96032775377769	939.8503277537777
freight_Carrier Wedding1_veh_TruckMalmoeerDiesel_7	Carrier Wedding1	diesel_vehicle	7	14274.0	3.965	33903.43790794654	33.90343790794655	6121.0	1.7002777777777778	0.0	0.00153218	841.89	0.0	51.946169493797534	893.8361694937976
freight_Carrier Wedding1_veh_TruckMalmoeerDiesel_8	Carrier Wedding1	diesel_vehicle	8	13912.0	3.8644444444444446	33892.719872578855	33.89271987257885	5511.0	1.5308333333333333	0.0	0.00153218	841.89	0.0	51.92974753436787	893.8197475343678
freight_Carrier Wedding1_veh_TruckMalmoeerDiesel_9	Carrier Wedding1	diesel_vehicle	9	29174.0	8.10388888888889	80533.19021828036	80.53319021828037	12151.0	3.375277777777778	0.0	0.00153218	841.89	0.0	123.3913433886448	965.2813433886448
freight_Carrier Wilhelmstadt1_veh_TruckForckenbeckDiesel_1	Carrier Wilhelmstadt1	diesel_vehicle	1	27322.0	7.589444444444444	59676.59255715897	59.67659255715897	10503.0	2.9175	0.0	0.00153218	841.89	0.0	91.43528158422782	933.3252815842278
freight_Carrier Wilhelmstadt1_veh_TruckForckenbeckDiesel_2	Carrier Wilhelmstadt1	diesel_vehicle	2	25167.0	6.990833333333334	50298.0941916862	50.2980941916862	8756.0	2.4322222222222223	0.0	0.00153218	841.89	0.0	77.06573395861776	918.9557339586178
freight_Carrier Wilhelmstadt1_veh_TruckForckenbeckDiesel_3	Carrier Wilhelmstadt1	diesel_vehicle	3	27516.0	7.6433333333333335	56284.781904867	56.284781904866996	10252.0	2.847777777777778	0.0	0.00153218	841.89	0.0	86.23841713899911	928.1284171389991
freight_Carrier Wilhelmstadt1_veh_TruckForckenbeckDiesel_4	Carrier Wilhelmstadt1	diesel_vehicle	4	26276.0	7.2988888888888885	56832.55249469019	56.83255249469019	10224.0	2.84	0.0	0.00153218	841.89	0.0	87.07770028131442	928.9677002813144
freight_Carrier Wilhelmstadt1_veh_TruckForckenbeckDiesel_5	Carrier Wilhelmstadt1	diesel_vehicle	5	9960.0	2.7666666666666666	30301.806214162603	30.301806214162603	5093.0	1.4147222222222222	0.0	0.00153218	841.89	0.0	46.427821445215656	888.3178214452156
freight_Carrier Wilmersdorf1_veh_TruckForckenbeckDiesel_1	Carrier Wilmersdorf1	diesel_vehicle	1	12671.0	3.519722222222222	26401.80450856104	26.40180450856104	4223.0	1.1730555555555555	0.0	0.00153218	841.89	0.0	40.45231683192705	882.3423168319271
freight_Carrier Wilmersdorf1_veh_TruckForckenbeckDiesel_10	Carrier Wilmersdorf1	diesel_vehicle	10	25433.0	7.064722222222223	53385.38702949136	53.385387029491355	9181.0	2.5502777777777776	0.0	0.00153218	841.89	0.0	81.79602229884607	923.6860222988461
freight_Carrier Wilmersdorf1_veh_TruckForckenbeckDiesel_11	Carrier Wilmersdorf1	diesel_vehicle	11	12719.0	3.5330555555555554	26692.453363594912	26.69245336359491	4410.0	1.225	0.0	0.00153218	841.89	0.0	40.89764319463285	882.7876431946329
freight_Carrier Wilmersdorf1_veh_TruckForckenbeckDiesel_12	Carrier Wilmersdorf1	diesel_vehicle	12	25224.0	7.006666666666667	53144.83565805776	53.14483565805776	9192.0	2.5533333333333332	0.0	0.00153218	841.89	0.0	81.42745429856294	923.3174542985629
freight_Carrier Wilmersdorf1_veh_TruckForckenbeckDiesel_13	Carrier Wilmersdorf1	diesel_vehicle	13	25316.0	7.032222222222222	54344.95469066087	54.34495469066086	8758.0	2.432777777777778	0.0	0.00153218	841.89	0.0	83.26625267793676	925.1562526779368
freight_Carrier Wilmersdorf1_veh_TruckForckenbeckDiesel_14	Carrier Wilmersdorf1	diesel_vehicle	14	12941.0	3.5947222222222224	28868.443771252656	28.868443771252657	4944.0	1.3733333333333333	0.0	0.00153218	841.89	0.0	44.231652177437894	886.1216521774379
freight_Carrier Wilmersdorf1_veh_TruckForckenbeckDiesel_2	Carrier Wilmersdorf1	diesel_vehicle	2	12915.0	3.5875	27426.45846391584	27.42645846391584	4482.0	1.245	0.0	0.00153218	841.89	0.0	42.02227112924257	883.9122711292425
freight_Carrier Wilmersdorf1_veh_TruckForckenbeckDiesel_3	Carrier Wilmersdorf1	diesel_vehicle	3	24917.0	6.921388888888889	49012.02861397334	49.01202861397334	7930.0	2.202777777777778	0.0	0.00153218	841.89	0.0	75.09525000175768	916.9852500017577
freight_Carrier Wilmersdorf1_veh_TruckForckenbeckDiesel_4	Carrier Wilmersdorf1	diesel_vehicle	4	12729.0	3.535833333333333	26494.89118993438	26.494891189934382	4253.0	1.1813888888888888	0.0	0.00153218	841.89	0.0	40.59494238339366	882.4849423833937
freight_Carrier Wilmersdorf1_veh_TruckForckenbeckDiesel_5	Carrier Wilmersdorf1	diesel_vehicle	5	12845.0	3.5680555555555555	26096.70842928977	26.09670842928977	4355.0	1.2097222222222221	0.0	0.00153218	841.89	0.0	39.9848547211892	881.8748547211892
freight_Carrier Wilmersdorf1_veh_TruckForckenbeckDiesel_6	Carrier Wilmersdorf1	diesel_vehicle	6	29443.0	8.178611111111111	67665.39286893225	67.66539286893224	11297.0	3.1380555555555554	0.0	0.00153218	841.89	0.0	103.67556164592061	945.5655616459206
freight_Carrier Wilmersdorf1_veh_TruckForckenbeckDiesel_7	Carrier Wilmersdorf1	diesel_vehicle	7	25557.0	7.099166666666667	50742.23754045425	50.74223754045425	8606.0	2.3905555555555558	0.0	0.00153218	841.89	0.0	77.74624151473319	919.6362415147332
freight_Carrier Wilmersdorf1_veh_TruckForckenbeckDiesel_8	Carrier Wilmersdorf1	diesel_vehicle	8	12947.0	3.596388888888889	27910.64135100653	27.91064135100653	4778.0	1.3272222222222223	0.0	0.00153218	841.89	0.0	42.76412646518518	884.6541264651852
freight_Carrier Wilmersdorf1_veh_TruckForckenbeckDiesel_9	Carrier Wilmersdorf1	diesel_vehicle	9	26070.0	7.241666666666666	54243.14034339641	54.243140343396405	9186.0	2.5516666666666667	0.0	0.00153218	841.89	0.0	83.11025477134511	925.0002547713451
